Mutation.Type	mean	median	sd
A[C>A]A	33	33	NA
A[C>A]C	15	15	NA
A[C>A]G	1	1	NA
A[C>A]T	24	24	NA
A[C>G]A	31	31	NA
A[C>G]C	8	8	NA
A[C>G]G	0	0	NA
A[C>G]T	32	32	NA
A[C>T]A	34	34	NA
A[C>T]C	10	10	NA
A[C>T]G	96	96	NA
A[C>T]T	14	14	NA
A[T>A]A	9	9	NA
A[T>A]C	7	7	NA
A[T>A]G	7	7	NA
A[T>A]T	10	10	NA
A[T>C]A	12	12	NA
A[T>C]C	10	10	NA
A[T>C]G	8	8	NA
A[T>C]T	20	20	NA
A[T>G]A	10	10	NA
A[T>G]C	2	2	NA
A[T>G]G	13	13	NA
A[T>G]T	6	6	NA
C[C>A]A	27	27	NA
C[C>A]C	9	9	NA
C[C>A]G	2	2	NA
C[C>A]T	20	20	NA
C[C>G]A	42	42	NA
C[C>G]C	5	5	NA
C[C>G]G	2	2	NA
C[C>G]T	23	23	NA
C[C>T]A	76	76	NA
C[C>T]C	14	14	NA
C[C>T]G	42	42	NA
C[C>T]T	45	45	NA
C[T>A]A	8	8	NA
C[T>A]C	5	5	NA
C[T>A]G	5	5	NA
C[T>A]T	18	18	NA
C[T>C]A	8	8	NA
C[T>C]C	13	13	NA
C[T>C]G	7	7	NA
C[T>C]T	11	11	NA
C[T>G]A	3	3	NA
C[T>G]C	5	5	NA
C[T>G]G	5	5	NA
C[T>G]T	9	9	NA
G[C>A]A	29	29	NA
G[C>A]C	7	7	NA
G[C>A]G	0	0	NA
G[C>A]T	15	15	NA
G[C>G]A	11	11	NA
G[C>G]C	4	4	NA
G[C>G]G	1	1	NA
G[C>G]T	15	15	NA
G[C>T]A	28	28	NA
G[C>T]C	15	15	NA
G[C>T]G	45	45	NA
G[C>T]T	21	21	NA
G[T>A]A	8	8	NA
G[T>A]C	3	3	NA
G[T>A]G	1	1	NA
G[T>A]T	9	9	NA
G[T>C]A	7	7	NA
G[T>C]C	6	6	NA
G[T>C]G	5	5	NA
G[T>C]T	15	15	NA
G[T>G]A	1	1	NA
G[T>G]C	5	5	NA
G[T>G]G	3	3	NA
G[T>G]T	3	3	NA
T[C>A]A	150	150	NA
T[C>A]C	69	69	NA
T[C>A]G	7	7	NA
T[C>A]T	80	80	NA
T[C>G]A	1426	1426	NA
T[C>G]C	315	315	NA
T[C>G]G	27	27	NA
T[C>G]T	1541	1541	NA
T[C>T]A	1683	1683	NA
T[C>T]C	301	301	NA
T[C>T]G	128	128	NA
T[C>T]T	833	833	NA
T[T>A]A	13	13	NA
T[T>A]C	8	8	NA
T[T>A]G	4	4	NA
T[T>A]T	33	33	NA
T[T>C]A	2	2	NA
T[T>C]C	11	11	NA
T[T>C]G	6	6	NA
T[T>C]T	10	10	NA
T[T>G]A	5	5	NA
T[T>G]C	2	2	NA
T[T>G]G	4	4	NA
T[T>G]T	10	10	NA
