cancer.gene.type	hugo	color
ONC	CDX2	#A50026
ONC	FCRL4	#A50026
ONC	FGF3	#A50026
ONC	FGF4	#A60126
ONC	IL3	#A60126
ONC	MNX1	#A70226
ONC	MOS	#A70226
ONC	PAX3	#A80326
ONC	PAX7	#A80326
ONC	SSX2	#A90426
ONC	SSX4	#A90426
ONC	TLX1	#AA0526
ONC	TLX3	#AA0526
ONC	OLIG2	#AB0626
ONC	TMPRSS2	#AB0626
ONC	FEV	#AC0726
ONC	ROS1	#AC0726
ONC	TCL6	#AD0826
ONC	MDS2	#AD0826
ONC	SSX1	#AE0926
ONC	ALK	#AE0926
ONC	MCF2	#AF0A26
ONC	TNFRSF17	#AF0A26
ONC	USP6	#B00A26
ONC	LMO1	#B00B26
ONC	HIST1H3B	#B10B26
ONC	IL2	#B10C26
ONC	TAL2	#B20C26
ONC	HOXD13	#B20D26
ONC	CRLF2	#B30D26
ONC	FLT3	#B30E26
ONC	HOXC13	#B40E26
ONC	HOXC11	#B40F26
ONC	FGFR3	#B50F26
ONC	MPL	#B51026
ONC	TCL1A	#B61026
ONC	KLK2	#B61126
ONC	TSHR	#B71126
ONC	POU2AF1	#B71226
ONC	CASC5	#B81226
ONC	BCL11A	#B81326
ONC	BCL11B	#B91326
ONC	PRDM16	#B91426
ONC	FOXL2	#BA1426
ONC	CD79A	#BA1426
ONC	MAS1	#BB1526
ONC	RET	#BB1526
ONC	HIST1H4I	#BC1626
ONC	ETV4	#BC1626
ONC	RANBP17	#BD1726
ONC	AFF3	#BD1726
ONC	IRF4	#BE1826
ONC	MYCL	#BE1826
ONC	RHOH	#BF1926
ONC	STIL	#BF1926
ONC	SRGAP3	#C01A26
ONC	ITK	#C01A26
ONC	CLTCL1	#C11B26
ONC	MYCN	#C11B26
ONC	ETV1	#C21C26
ONC	NTRK1	#C21C26
ONC	KIAA1549	#C31D26
ONC	CARD11	#C31D26
ONC	MSI2	#C41E26
ONC	MCF2L	#C41E26
ONC	CCNE1	#C51E26
ONC	AURKA	#C51F26
ONC	AR	#C61F26
ONC	TET1	#C62026
ONC	PAX8	#C72026
ONC	RBM15	#C72126
ONC	NTRK3	#C82126
ONC	TAL1	#C82226
ONC	P2RY8	#C92226
ONC	ASPSCR1	#C92326
ONC	WHSC1	#CA2326
ONC	MLLT3	#CA2426
ONC	IKZF1	#CB2426
ONC	POU5F1	#CB2526
ONC	BCL7A	#CC2526
ONC	LCK	#CC2626
ONC	CNTRL	#CD2626
ONC	BIRC3	#CD2726
ONC	REL	#CE2726
ONC	SLC45A3	#CE2826
ONC	MECOM	#CF2826
ONC	BRAF	#CF2926
ONC	CHCHD7	#D02926
ONC	IL21R	#D02926
ONC	MET	#D12A26
ONC	ZNF331	#D12A26
ONC	MLF1	#D22B26
ONC	CD79B	#D22B26
ONC	GPHN	#D32C26
ONC	RUNX1T1	#D32C26
ONC	CDK6	#D42D26
ONC	HOXA9	#D42D26
ONC	SS18L1	#D52E26
ONC	GLI1	#D52E26
ONC	FGFR1OP	#D62F26
ONC	DDX10	#D62F26
ONC	EGFR	#D73027
ONC	HLF	#D73027
ONC	PDE4DIP	#D73127
ONC	GATA2	#D73227
ONC	CHN1	#D83228
ONC	JAK3	#D83328
ONC	BRD3	#D83328
ONC	PLAG1	#D93429
ONC	ABL2	#D93529
ONC	SETBP1	#D93529
ONC	ETV5	#D93629
ONC	CARS	#DA362A
ONC	TFEB	#DA372A
ONC	NUP214	#DA382A
ONC	CRTC1	#DB382A
ONC	AKAP9	#DB392B
ONC	NIN	#DB392B
ONC	ZNF521	#DB3A2B
ONC	MTCP1	#DC3B2C
ONC	TRIM33	#DC3B2C
ONC	JAK2	#DC3C2C
ONC	LIFR	#DD3C2C
ONC	H3F3A	#DD3D2D
ONC	PER1	#DD3E2D
ONC	CREB1	#DE3E2D
ONC	KDM5A	#DE3F2E
ONC	MALT1	#DE3F2E
ONC	PPARG	#DE402E
ONC	CBL	#DF412E
ONC	NFIB	#DF412F
ONC	HOXD11	#DF422F
ONC	FLI1	#E0422F
ONC	PIK3CA	#E0432F
ONC	MDM4	#E04430
ONC	TRIP11	#E04430
ONC	ELK4	#E14530
ONC	CLP1	#E14631
ONC	FCGR2B	#E14631
ONC	LYL1	#E24731
ONC	KRAS	#E24731
ONC	CIITA	#E24832
ONC	ELL	#E24932
ONC	TFRC	#E34932
ONC	EML4	#E34A33
ONC	SPECC1	#E34A33
ONC	OMD	#E44B33
ONC	CHIC2	#E44C33
ONC	KIT	#E44C34
ONC	NCKIPSD	#E44D34
ONC	HOOK3	#E54D34
ONC	MAML2	#E54E35
ONC	PDGFRA	#E54F35
ONC	SEPT6	#E64F35
ONC	RAP1GDS1	#E65035
ONC	NCOA2	#E65036
ONC	GAS7	#E65136
ONC	DNMT1	#E75236
ONC	ERBB2	#E75236
ONC	ERC1	#E75337
ONC	HMGA2	#E85337
ONC	MLLT11	#E85437
ONC	ERG	#E85538
ONC	MLLT10	#E85538
ONC	TTL	#E95638
ONC	HOXA13	#E95638
ONC	FIP1L1	#E95739
ONC	RNF213	#EA5839
ONC	U2AF1	#EA5839
ONC	AKT2	#EA593A
ONC	TCF3	#EA5A3A
ONC	ATF1	#EB5A3A
ONC	KDSR	#EB5B3A
ONC	CCNB1IP1	#EB5B3B
ONC	ELF4	#EC5C3B
ONC	GMPS	#EC5D3B
ONC	PATZ1	#EC5D3B
ONC	NCOA1	#EC5E3C
ONC	PCM1	#ED5E3C
ONC	NUP98	#ED5F3C
ONC	SS18	#ED603D
ONC	TRIM27	#EE603D
ONC	BCL2	#EE613D
ONC	DDX6	#EE613D
ONC	PAFAH1B2	#EF623E
ONC	NRAS	#EF633E
ONC	HIP1	#EF633E
ONC	MAP2K1	#EF643F
ONC	KTN1	#F0643F
ONC	EPS15	#F0653F
ONC	BCL6	#F0663F
ONC	AFF1	#F16640
ONC	BRD4	#F16740
ONC	IGF1R	#F16740
ONC	AKT1	#F16840
ONC	ACSL3	#F26941
ONC	PDGFB	#F26941
ONC	MLLT6	#F26A41
ONC	HRAS	#F36A42
ONC	ARNT	#F36B42
ONC	TFPT	#F36C42
ONC	MKL1	#F36C42
ONC	MED12	#F46D43
ONC	TCEA1	#F46E43
ONC	GOPC	#F46E43
ONC	MYC	#F46F44
ONC	HMGA1	#F47044
ONC	RABEP1	#F47044
ONC	SPOP	#F47144
ONC	CCDC6	#F47145
ONC	CANT1	#F47245
ONC	MLLT1	#F47345
ONC	PRCC	#F47346
ONC	FOS	#F57446
ONC	CRTC3	#F57546
ONC	FGFR2	#F57547
ONC	AFF4	#F57647
ONC	GNA11	#F57747
ONC	SRC	#F57747
ONC	BCL9	#F57848
ONC	MITF	#F57948
ONC	RAF1	#F57948
ONC	SEPT5	#F57A49
ONC	MDM2	#F57A49
ONC	ABI1	#F67B49
ONC	CREB3L2	#F67C4A
ONC	GOLGA5	#F67C4A
ONC	FNBP1	#F67D4A
ONC	FSTL3	#F67E4A
ONC	ZNF384	#F67E4B
ONC	CCND3	#F67F4B
ONC	FGFR1	#F6804B
ONC	EWSR1	#F6804C
ONC	ELN	#F6814C
ONC	PTPN11	#F6824C
ONC	TPR	#F7824D
ONC	AKAP13	#F7834D
ONC	GNAQ	#F7844D
ONC	KDR	#F7844D
ONC	ACKR3	#F7854E
ONC	SKI	#F7854E
ONC	RARA	#F7864E
ONC	TPM3	#F7874F
ONC	HERPUD1	#F7874F
ONC	MYD88	#F7884F
ONC	NFKB2	#F78950
ONC	ABL1	#F78950
ONC	LMO2	#F88A50
ONC	TOP1	#F88B50
ONC	AXL	#F88B51
ONC	JAZF1	#F88C51
ONC	LASP1	#F88D51
ONC	PIM1	#F88D52
ONC	SEPT9	#F88E52
ONC	NUMA1	#F88F52
ONC	DEK	#F88F52
ONC	BCL3	#F89053
ONC	NFE2L2	#F89053
ONC	LPP	#F99153
ONC	NACA	#F99254
ONC	SET	#F99254
ONC	DDIT3	#F99354
ONC	TFG	#F99455
ONC	PRRX1	#F99455
ONC	PBX1	#F99555
ONC	PICALM	#F99655
ONC	JUN	#F99656
ONC	TAF15	#F99756
ONC	HOXA11	#F99856
ONC	SRSF2	#FA9857
ONC	CLTC	#FA9957
ONC	IL6ST	#FA9957
ONC	SH3GL1	#FA9A58
ONC	CDK4	#FA9B58
ONC	CSF1R	#FA9B58
ONC	CTNNB1	#FA9C58
ONC	SRSF3	#FA9D59
ONC	CCND2	#FA9D59
ONC	JAK1	#FA9E59
ONC	NONO	#FA9F5A
ONC	PPP2R1A	#FB9F5A
ONC	SF3B1	#FBA05A
ONC	IDH2	#FBA15B
ONC	COX6C	#FBA15B
ONC	RPN1	#FBA25B
ONC	LHFP	#FBA35B
ONC	DDOST	#FBA35C
ONC	GNAS	#FBA45C
ONC	CCND1	#FBA45C
ONC	PCSK7	#FBA55D
ONC	EIF4A2	#FBA65D
ONC	PDGFRB	#FCA65D
ONC	TPM4	#FCA75E
ONC	HNRNPA2B1	#FCA85E
ONC	BTG1	#FCA85E
ONC	HSP90AA1	#FCA95E
ONC	CNBP	#FCAA5F
ONC	MYH9	#FCAA5F
ONC	MSN	#FCAB5F
ONC	MALAT1	#FCAC60
ONC	MYH11	#FCAC60
ONC	COL1A1	#FCAD60
ONC	CD74	#FDAE61
ONC.pTS	PAX5	#B35806
ONC.pTS	ACSL6	#B55A06
ONC.pTS	MYB	#B95D07
ONC.pTS	GATA1	#BB6008
ONC.pTS	NR4A3	#BF6309
ONC.pTS	ZBTB16	#C2660A
ONC.pTS	CBFA2T3	#C4680B
ONC.pTS	ARHGAP26	#C86B0C
ONC.pTS	TRIM24	#CB6E0D
ONC.pTS	MN1	#CE710E
ONC.pTS	MLLT4	#D1740F
ONC.pTS	BCR	#D37610
ONC.pTS	WHSC1L1	#D77911
ONC.pTS	KLF4	#DA7C12
ONC.pTS	PSIP1	#DD7F13
ONC.pTS	KMT2A	#E08214
ONC.pTS	BCL10	#E18519
ONC.pTS	ETV6	#E3891E
ONC.pTS	CBFB	#E58C23
ONC.pTS	SYK	#E79029
ONC.pTS	SUZ12	#E9942E
ONC.pTS	MUC1	#EB9733
ONC.pTS	FOXO4	#ED9B38
ONC.pTS	NSD1	#EF9E3E
ONC.pTS	ARHGEF12	#F1A243
ONC.pTS	ZMYM2	#F3A648
ONC.pTS	FES	#F5A94D
ONC.pTS	FOXO3	#F7AD53
ONC.pTS	PML	#F9B058
ONC.pTS	TCF12	#FBB45D
ONC.pTS	ATIC	#FDB863
ONC.pTS	SMO	#FDBA68
ONC.pTS	IDH1	#FDBD6E
ONC.pTS	ETS1	#FDC073
ONC.pTS	CDH11	#FDC279
ONC.pTS	RPL22	#FDC57E
ONC.pTS	TFE3	#FDC884
ONC.pTS	THRAP3	#FDCA89
ONC.pTS	FOXO1	#FDCD8F
ONC.pTS	MAF	#FDD094
ONC.pTS	SFPQ	#FDD29A
ONC.pTS	MAFB	#FDD59F
ONC.pTS	LCP1	#FDD8A5
ONC.pTS	NCOA4	#FDDAAA
ONC.pTS	DDX5	#FDDDB0
ONC.pTS	HSP90AB1	#FEE0B6
ONC.TS	EZH2	#FEE090
ONC.TS	DNMT3A	#F5E5AC
ONC.TS	FOXP1	#EDEAC8
ONC.TS	RUNX1	#E5EFE5
ONC.TS	TSC2	#DBF0F6
ONC.TS	NOTCH1	#CCE9F2
ONC.TS	CREBBP	#BEE2EE
ONC.TS	CEBPA	#AFDBEA
ONC.TS	NOTCH2	#A1D1E4
ONC.TS	CIC	#92C4DE
ONC.TS	FUS	#83B9D7
ONC.TS	NPM1	#74ADD1
pONC	SPRR3	#8E0152
pONC	ROBO2	#8F0153
pONC	ERBB3	#900254
pONC	FAT2	#920355
pONC	ASPM	#930356
pONC	MYH14	#950457
pONC	SCAI	#960558
pONC	ADCY1	#980559
pONC	ANK3	#99065B
pONC	PCSK6	#9B075C
pONC	PLCB1	#9C075D
pONC	SRGAP1	#9E085E
pONC	NTRK2	#9F095F
pONC	F8	#A00960
pONC	TRERF1	#A20A61
pONC	MED17	#A30B63
pONC	HDAC9	#A50C64
pONC	NEDD4L	#A60C65
pONC	DHX35	#A80D66
pONC	MCM8	#A90E67
pONC	PTPRU	#AB0E68
pONC	BAZ2B	#AC0F69
pONC	BRWD1	#AE106B
pONC	AGO3	#AF106C
pONC	PGR	#B1116D
pONC	ACAD8	#B2126E
pONC	CHD9	#B3126F
pONC	AQR	#B51370
pONC	KALRN	#B61471
pONC	MTOR	#B81573
pONC	SOX17	#B91574
pONC	NTN4	#BB1675
pONC	FKBP5	#BC1776
pONC	TAF1	#BE1777
pONC	MAP3K4	#BF1878
pONC	POM121	#C11979
pONC	SIN3A	#C2197B
pONC	MGMT	#C41A7C
pONC	ACACA	#C51B7D
pONC	NUP107	#C51E7E
pONC	RFC4	#C62080
pONC	KAT6B	#C72381
pONC	DIS3	#C72582
pONC	IREB2	#C82883
pONC	PIK3R3	#C92A85
pONC	ADGRL2	#C92C86
pONC	ARFGEF2	#CA2F87
pONC	BPTF	#CB3189
pONC	CAD	#CB348A
pONC	ITGA9	#CC368B
pONC	CLCC1	#CD398D
pONC	CHD6	#CD3B8E
pONC	PPP2R5C	#CE3E8F
pONC	ADAM10	#CF4090
pONC	TJP2	#CF4292
pONC	LRP6	#D04593
pONC	SETDB1	#D14794
pONC	PLXNA1	#D14A96
pONC	MFNG	#D24C97
pONC	AKT3	#D34F98
pONC	CRNKL1	#D3519A
pONC	SOS2	#D4539B
pONC	TRIO	#D5569C
pONC	ASH1L	#D5589D
pONC	MEF2C	#D65B9F
pONC	SOS1	#D75DA0
pONC	CNOT3	#D760A1
pONC	EIF4G3	#D862A3
pONC	TAOK2	#D965A4
pONC	IRF7	#D967A5
pONC	NCK1	#DA69A7
pONC	NDRG1	#DB6CA8
pONC	STAG1	#DB6EA9
pONC	WIPF1	#DC71AA
pONC	MAX	#DD73AC
pONC	HCFC1	#DD76AD
pONC	SMC1A	#DE78AE
pONC	PCDH18	#DE79AF
pONC	AHR	#DF7BB1
pONC	CTTN	#DF7DB2
pONC	TFDP1	#E07EB3
pONC	MACF1	#E080B4
pONC	RHEB	#E182B5
pONC	BCLAF1	#E183B6
pONC	PLCG1	#E285B8
pONC	ARHGEF2	#E287B9
pONC	G3BP2	#E388BA
pONC	PTPRF	#E38ABB
pONC	MYH10	#E48CBC
pONC	MCM3	#E48DBD
pONC	CARM1	#E58FBF
pONC	NCOR2	#E591C0
pONC	EIF4G1	#E692C1
pONC	YBX3	#E694C2
pONC	TRIP10	#E796C3
pONC	CCT5	#E797C4
pONC	NR2F2	#E899C6
pONC	DHX9	#E89BC7
pONC	POLR2B	#E99CC8
pONC	CAT	#E99EC9
pONC	RPSAP58	#EAA0CA
pONC	PRPF8	#EAA1CB
pONC	CHD4	#EBA3CD
pONC	PLXNB2	#EBA5CE
pONC	EEF1B2	#ECA6CF
pONC	AHNAK	#ECA8D0
pONC	RAC1	#EDAAD1
pONC	YBX1	#EDABD2
pONC	HSPA8	#EEADD4
pONC	PCBP1	#EEAFD5
pONC	MMP2	#EFB0D6
pONC	ACTG2	#EFB2D7
pONC	ACTG1	#F0B4D8
pONC	ACTB	#F1B6DA
pONC.pTS	NKX3-1	#5AB4AC
pONC.pTS	WNT5A	#71BEB7
pONC.pTS	EPHB2	#89C9C3
pONC.pTS	TCF4	#A0D4CF
pONC.pTS	STARD13	#B8DEDB
pONC.pTS	EPHA1	#CFE9E7
pONC.pTS	RBBP7	#E7F4F3
pONC.pTS	TXNIP	#FFFFFF
pONC.TS	HNF1A	#7FBF7B
pONC.TS	ERCC2	#BFDFBD
pONC.TS	RHOA	#FFFFFF
pTS	ASCL1	#92C5DE
pTS	CEACAM7	#91C4DD
pTS	CST5	#91C4DD
pTS	GALR1	#90C4DD
pTS	HOXB13	#90C3DD
pTS	IFNA1	#8FC3DD
pTS	KISS1	#8FC3DD
pTS	MIR1-1	#8EC2DC
pTS	MIR101-1	#8EC2DC
pTS	MIR101-2	#8DC2DC
pTS	MIR122	#8DC1DC
pTS	MIR124-1	#8CC1DC
pTS	MIR124-2	#8CC1DC
pTS	MIR124-3	#8BC1DB
pTS	MIR125B1	#8BC0DB
pTS	MIR137	#8AC0DB
pTS	MIR141	#8AC0DB
pTS	MIR17	#89BFDB
pTS	MIR181A2	#89BFDB
pTS	MIR181C	#88BFDA
pTS	MIR18A	#88BEDA
pTS	MIR192	#88BEDA
pTS	MIR195	#87BEDA
pTS	MIR200A	#87BEDA
pTS	MIR200B	#86BDDA
pTS	MIR200C	#86BDD9
pTS	MIR203A	#85BDD9
pTS	MIR206	#85BCD9
pTS	MIR215	#84BCD9
pTS	MIR26B	#84BCD9
pTS	MIR29B1	#83BBD9
pTS	MIR335	#83BBD8
pTS	MIR34B	#82BBD8
pTS	MIR34C	#82BBD8
pTS	MIR375	#81BAD8
pTS	MIR449A	#81BAD8
pTS	MIR451A	#80BAD8
pTS	MIRLET7A2	#80B9D8
pTS	MIRLET7E	#7FB9D7
pTS	MIRLET7F2	#7FB9D7
pTS	MSMB	#7FB8D7
pTS	NR0B2	#7EB8D7
pTS	ONECUT1	#7EB8D7
pTS	PAX4	#7DB8D7
pTS	PDX1	#7DB7D6
pTS	SLC5A8	#7CB7D6
pTS	TMPRSS11A	#7CB7D6
pTS	DCC	#7BB6D6
pTS	MAFA	#7BB6D6
pTS	MIR26A2	#7AB6D6
pTS	POU2F3	#7AB5D5
pTS	POU6F2	#79B5D5
pTS	SERPINB5	#79B5D5
pTS	SLC26A3	#78B5D5
pTS	TMEFF2	#78B4D5
pTS	ZIC1	#77B4D5
pTS	BTG4	#77B4D4
pTS	CHD5	#76B3D4
pTS	DMBT1	#76B3D4
pTS	FOXA1	#76B3D4
pTS	LRP1B	#75B2D4
pTS	MIR181A1	#75B2D4
pTS	SERPINI2	#74B2D3
pTS	TBX5	#74B2D3
pTS	BMP10	#73B1D3
pTS	CDH4	#73B1D3
pTS	CNTNAP2	#72B1D3
pTS	EHF	#72B0D3
pTS	ERBB4	#71B0D2
pTS	SPINK7	#71B0D2
pTS	RASAL1	#70AFD2
pTS	COL4A3	#70AFD2
pTS	MIR181B2	#6FAFD2
pTS	MIRLET7A1	#6FAFD2
pTS	ESRP1	#6EAED2
pTS	OPCML	#6EAED1
pTS	SOX11	#6DAED1
pTS	LGI1	#6DADD1
pTS	TFAP2A	#6CADD1
pTS	MIR15A	#6CADD1
pTS	MIR16-1	#6CACD1
pTS	TP73	#6BACD0
pTS	CMTM5	#6BACD0
pTS	RAP1GAP	#6AACD0
pTS	TP63	#6AABD0
pTS	PAX6	#69ABD0
pTS	LRRC3B	#69ABD0
pTS	PAEP	#68AACF
pTS	BIK	#68AACF
pTS	DEC1	#67AACF
pTS	ELF3	#67A9CF
pTS	MIR125A	#66A9CF
pTS	MIR181B1	#66A9CF
pTS	MIR26A1	#65A9CE
pTS	ESR2	#65A8CE
pTS	ATP8A2	#64A8CE
pTS	DEPDC1B	#64A8CE
pTS	IGFBPL1	#63A7CE
pTS	HRASLS2	#63A7CE
pTS	RAB25	#63A7CD
pTS	ZNF750	#62A6CD
pTS	L3MBTL4	#62A6CD
pTS	PHOX2A	#61A6CD
pTS	SFN	#61A6CD
pTS	MIR193B	#60A5CD
pTS	MIR125B2	#60A5CC
pTS	FBXL13	#5FA5CC
pTS	MIRLET7G	#5FA4CC
pTS	PCDH10	#5EA4CC
pTS	SCGB3A1	#5EA4CC
pTS	ZMYND10	#5DA3CC
pTS	GNMT	#5DA3CB
pTS	PANX2	#5CA3CB
pTS	DEFB1	#5CA3CB
pTS	IRX1	#5BA2CB
pTS	C10orf90	#5BA2CB
pTS	DKK1	#5AA2CB
pTS	MIRLET7C	#5AA1CB
pTS	CPNE7	#5AA1CA
pTS	KLK10	#59A1CA
pTS	MIR34A	#59A0CA
pTS	ADAMTS18	#58A0CA
pTS	AIM2	#58A0CA
pTS	PRODH	#57A0CA
pTS	SYT13	#579FC9
pTS	CST6	#569FC9
pTS	APC2	#569FC9
pTS	MUC20	#559EC9
pTS	MIR1-2	#559EC9
pTS	MIRLET7I	#549EC9
pTS	PLK5	#549DC8
pTS	SFRP5	#539DC8
pTS	S100A2	#539DC8
pTS	NRCAM	#529DC8
pTS	PACRG	#529CC8
pTS	PF4	#519CC8
pTS	CLSPN	#519CC7
pTS	MIR148B	#509BC7
pTS	FRK	#509BC7
pTS	IL24	#509BC7
pTS	RASL10A	#4F9AC7
pTS	UNC5C	#4F9AC7
pTS	AHRR	#4E9AC6
pTS	ARID3B	#4E9AC6
pTS	MPP3	#4D99C6
pTS	NR4A2	#4D99C6
pTS	MAL	#4C99C6
pTS	LSAMP	#4C98C6
pTS	PARK2	#4B98C5
pTS	PYHIN1	#4B98C5
pTS	DLEU1	#4A97C5
pTS	CHEK1	#4A97C5
pTS	LTF	#4997C5
pTS	RUNX3	#4997C5
pTS	SEC14L2	#4896C5
pTS	WIF1	#4896C4
pTS	BANP	#4796C4
pTS	KL	#4795C4
pTS	PLCE1	#4795C4
pTS	RPS6KA6	#4695C4
pTS	PTPRD	#4694C4
pTS	ARL11	#4594C3
pTS	ZNF382	#4594C3
pTS	NDRG4	#4494C3
pTS	WNK2	#4493C3
pTS	MIRLET7F1	#4393C3
pTS	RPGR	#4393C3
pTS	MAP4K1	#4292C2
pTS	GPRC5A	#4292C2
pTS	LIN9	#4292C2
pTS	PHLPP2	#4292C2
pTS	TSPAN32	#4291C2
pTS	BMP2	#4191C2
pTS	UNC5A	#4191C2
pTS	VIL1	#4190C1
pTS	MST1	#4190C1
pTS	TNFRSF10A	#4190C1
pTS	HSD17B7	#4090C1
pTS	RASL10B	#408FC1
pTS	WWOX	#408FC1
pTS	SHPRH	#408FC1
pTS	ADGRB2	#408FC0
pTS	RBL1	#3F8EC0
pTS	FOXP3	#3F8EC0
pTS	KDM8	#3F8EC0
pTS	DLEC1	#3F8DC0
pTS	PPM1L	#3F8DC0
pTS	CLDN23	#3E8DC0
pTS	DIRAS3	#3E8DC0
pTS	MIRLET7A3	#3E8CBF
pTS	PHLPP1	#3E8CBF
pTS	PPP1R1B	#3D8CBF
pTS	VPS53	#3D8CBF
pTS	CADM1	#3D8BBF
pTS	SIK1	#3D8BBF
pTS	INPP4B	#3D8BBF
pTS	PTCH2	#3C8BBE
pTS	HACE1	#3C8ABE
pTS	ZDHHC2	#3C8ABE
pTS	ZNF366	#3C8ABE
pTS	ARNTL	#3C89BE
pTS	BARD1	#3B89BE
pTS	TBX3	#3B89BE
pTS	TFPI2	#3B89BD
pTS	ING5	#3B88BD
pTS	EFNA5	#3B88BD
pTS	MIR126	#3A88BD
pTS	MIR7-1	#3A88BD
pTS	DFNA5	#3A87BD
pTS	FAT4	#3A87BD
pTS	ING3	#3A87BC
pTS	CCDC136	#3986BC
pTS	NR4A1	#3986BC
pTS	NUP93	#3986BC
pTS	MIRLET7D	#3986BC
pTS	MT1G	#3985BC
pTS	MCPH1	#3885BC
pTS	KCNRG	#3885BC
pTS	ST20	#3885BB
pTS	ZBTB7C	#3884BB
pTS	CEP290	#3884BB
pTS	LAMA2	#3784BB
pTS	ATR	#3783BB
pTS	CAMTA1	#3783BB
pTS	EGR2	#3783BB
pTS	INTS6	#3783BA
pTS	PTPRJ	#3682BA
pTS	MIRLET7B	#3682BA
pTS	AGAP2	#3682BA
pTS	IFT88	#3682BA
pTS	MYO18B	#3681BA
pTS	FRS3	#3581BA
pTS	MLH3	#3581B9
pTS	ADGRB3	#3581B9
pTS	MGA	#3580B9
pTS	LZTS1	#3580B9
pTS	CEACAM1	#3480B9
pTS	ARHGAP20	#347FB9
pTS	STEAP3	#347FB9
pTS	LIMD1	#347FB8
pTS	CHFR	#337FB8
pTS	WNT11	#337EB8
pTS	LHX6	#337EB8
pTS	MFSD2A	#337EB8
pTS	CABLES2	#337EB8
pTS	MAD1L1	#327DB8
pTS	MFHAS1	#327DB8
pTS	SPRY2	#327DB7
pTS	KIF1B	#327CB7
pTS	JDP2	#327CB7
pTS	NAPEPLD	#317CB7
pTS	TMEFF1	#317CB7
pTS	KLF5	#317BB7
pTS	CABLES1	#317BB7
pTS	PDS5B	#317BB6
pTS	PAWR	#307BB6
pTS	PRR5	#307AB6
pTS	PRDM2	#307AB6
pTS	SPINT2	#307AB6
pTS	MTAP	#3079B6
pTS	SLC22A18	#2F79B6
pTS	RASA2	#2F79B5
pTS	DAPK1	#2F79B5
pTS	MCC	#2F78B5
pTS	FOXC1	#2F78B5
pTS	C2orf40	#2E78B5
pTS	E2F1	#2E78B5
pTS	IRF8	#2E77B5
pTS	MAPKAPK5	#2E77B4
pTS	ZBTB18	#2E77B4
pTS	SIAH1	#2D77B4
pTS	CHUK	#2D76B4
pTS	ACVR2A	#2D76B4
pTS	GLTSCR1	#2D76B4
pTS	ST7	#2D75B4
pTS	XRN1	#2C75B4
pTS	PLXNC1	#2C75B3
pTS	GPSM2	#2C75B3
pTS	TFDP2	#2C74B3
pTS	CADM3	#2C74B3
pTS	TRIM3	#2B74B3
pTS	CLASP2	#2B74B3
pTS	ARHGAP29	#2B73B3
pTS	ITSN1	#2B73B2
pTS	PHIP	#2B73B2
pTS	SMYD4	#2A72B2
pTS	DNAJC11	#2A72B2
pTS	ZC3H10	#2A72B2
pTS	CLOCK	#2A72B2
pTS	EIF2AK3	#2971B2
pTS	GORAB	#2971B1
pTS	SMAD3	#2971B1
pTS	RINT1	#2971B1
pTS	DLG1	#2970B1
pTS	KRIT1	#2870B1
pTS	SIRT3	#2870B1
pTS	PTPN2	#2870B1
pTS	UBE4B	#286FB0
pTS	SAFB2	#286FB0
pTS	SEPT4	#276FB0
pTS	DPP4	#276EB0
pTS	ZDHHC17	#276EB0
pTS	HTATIP2	#276EB0
pTS	PTPRK	#276EB0
pTS	CDKN2D	#266DB0
pTS	NAT6	#266DAF
pTS	TP53BP1	#266DAF
pTS	EPB41L3	#266DAF
pTS	ADPRH	#266CAF
pTS	CUL5	#256CAF
pTS	ZNF292	#256CAF
pTS	IRS2	#256BAF
pTS	GGNBP2	#256BAE
pTS	RAD51C	#256BAE
pTS	DLC1	#246BAE
pTS	HIPK2	#246AAE
pTS	SOX7	#246AAE
pTS	TP53BP2	#246AAE
pTS	EEF1E1	#246AAE
pTS	TRIM35	#2369AD
pTS	ARID4B	#2369AD
pTS	PPP2R1B	#2369AD
pTS	FBXO31	#2368AD
pTS	INPP4A	#2368AD
pTS	EXTL3	#2268AD
pTS	PPAPDC1B	#2268AD
pTS	MAP4K3	#2267AC
pTS	TRIM13	#2267AC
pTS	PPP3CC	#2267AC
pTS	KLK6	#2167AC
pTS	NIT2	#2166AC
pTS	HLTF	#2166AC
pTS	RNASET2	#2166AC
pTS	THOC5	#2166AC
pTS	EXTL2	#2065AB
pTS	UHRF2	#2065AB
pTS	AMH	#2065AA
pTS	THSD1	#2064AA
pTS	GJB2	#2064A9
pTS	CDK11B	#1F64A9
pTS	EXTL1	#1F63A8
pTS	SP100	#1F63A8
pTS	EGLN3	#1F63A7
pTS	GPR68	#1F62A7
pTS	MTUS1	#1F62A7
pTS	LRIG3	#1E62A6
pTS	ARMC10	#1E61A6
pTS	DOK3	#1E61A5
pTS	GNAI1	#1E61A5
pTS	FAM188A	#1E60A4
pTS	ERRFI1	#1E60A4
pTS	CASP1	#1D60A3
pTS	RNASEL	#1D5FA3
pTS	PTPN6	#1D5FA2
pTS	GSTM1	#1D5FA2
pTS	HECA	#1D5EA2
pTS	PRICKLE1	#1D5EA1
pTS	EPHA2	#1C5EA1
pTS	DIDO1	#1C5DA0
pTS	MYBBP1A	#1C5DA0
pTS	DMTF1	#1C5D9F
pTS	EIF2AK2	#1C5C9F
pTS	CCNC	#1C5C9E
pTS	SASH1	#1B5C9E
pTS	PLCD1	#1B5B9E
pTS	IRF1	#1B5B9D
pTS	PRDM4	#1B5B9D
pTS	MED23	#1B5A9C
pTS	RASSF8	#1B5A9C
pTS	LRPPRC	#1A5A9B
pTS	DOK2	#1A599B
pTS	EPB41	#1A599A
pTS	TGFBR3	#1A599A
pTS	EGLN1	#1A5999
pTS	LATS1	#1A5899
pTS	STAT5A	#195899
pTS	MIR29C	#195898
pTS	PEG3	#195798
pTS	LATS2	#195797
pTS	PRKCI	#195797
pTS	TTC4	#195696
pTS	ANP32A	#185696
pTS	PLCB3	#185695
pTS	CSNK1G3	#185595
pTS	SCRIB	#185595
pTS	TOM1	#185594
pTS	PPM1D	#185494
pTS	BRD7	#175493
pTS	TUSC3	#175493
pTS	RND3	#175392
pTS	RASSF5	#175392
pTS	GTPBP4	#175391
pTS	UCHL1	#175291
pTS	UPF3B	#165290
pTS	GNG2	#165290
pTS	PLAGL1	#165190
pTS	NEO1	#16518F
pTS	RB1CC1	#16518F
pTS	FLCN	#16508E
pTS	NPRL2	#15508E
pTS	THBD	#15508D
pTS	TBRG1	#154F8D
pTS	FMR1	#154F8C
pTS	RHOBTB2	#154F8C
pTS	SIRT2	#154E8C
pTS	ARAP3	#144E8B
pTS	ARHGEF6	#144E8B
pTS	RASSF4	#144D8A
pTS	TCHP	#144D8A
pTS	ERBB2IP	#144D89
pTS	RPS6KA2	#144D89
pTS	SAFB	#134C88
pTS	CTBP2	#134C88
pTS	HIC1	#134C87
pTS	RASSF2	#134B87
pTS	TOPORS	#134B87
pTS	BRMS1	#134B86
pTS	MXI1	#124A86
pTS	VWA5A	#124A85
pTS	PSMD11	#124A85
pTS	ITGB3	#124984
pTS	HPGD	#124984
pTS	CYB561D2	#124983
pTS	TBL1XR1	#114883
pTS	ALDH1A2	#114883
pTS	GADD45G	#114882
pTS	FAF1	#114782
pTS	MBD4	#114781
pTS	DOK1	#114781
pTS	DPH1	#104680
pTS	CD82	#104680
pTS	CCAR1	#10467F
pTS	FBXO11	#10457F
pTS	DIRAS1	#10457E
pTS	GSTT1	#10457E
pTS	NEURL1	#0F447E
pTS	TJP1	#0F447D
pTS	ADAMTS9	#0F447D
pTS	UFL1	#0F437C
pTS	KDM3B	#0F437C
pTS	PDGFRL	#0F437B
pTS	PRKCD	#0E427B
pTS	RASSF1	#0E427A
pTS	WISP3	#0E427A
pTS	SDHA	#0E427A
pTS	ABI2	#0E4179
pTS	PLEKHG2	#0D4179
pTS	NDRG2	#0D4178
pTS	PKD1	#0D4078
pTS	CDC27	#0D4077
pTS	BHLHE41	#0D4077
pTS	CTDSPL	#0D3F76
pTS	RARB	#0C3F76
pTS	DAB2IP	#0C3F75
pTS	MIR143	#0C3E75
pTS	RBL2	#0C3E75
pTS	CTBP1	#0C3E74
pTS	PPP6C	#0C3D74
pTS	TCTA	#0B3D73
pTS	MSR1	#0B3D73
pTS	CADM4	#0B3C72
pTS	CUL4A	#0B3C72
pTS	RECK	#0B3C71
pTS	PTGS1	#0B3B71
pTS	CDH13	#0A3B70
pTS	RASA1	#0A3B70
pTS	CHD8	#0A3A70
pTS	FXR1	#0A3A6F
pTS	SLIT2	#0A3A6F
pTS	FRG1	#0A396E
pTS	ING4	#09396E
pTS	BECN1	#09396D
pTS	HTRA2	#09386D
pTS	DHX15	#09386C
pTS	TP53INP1	#09386C
pTS	EFNA1	#09376C
pTS	EDA2R	#08376B
pTS	PLK2	#08376B
pTS	CNOT1	#08366A
pTS	CYGB	#08366A
pTS	THRB	#083669
pTS	KCTD11	#083669
pTS	MCTS1	#073568
pTS	ELF1	#073568
pTS	TWIST2	#073567
pTS	NDN	#073467
pTS	RBM6	#073467
pTS	DUSP6	#073466
pTS	IL17RD	#063366
pTS	SMARCA1	#063365
pTS	PYCARD	#063365
pTS	DNAJB4	#063264
pTS	MTSS1	#063264
pTS	SMARCA2	#063263
pTS	CAPG	#053163
pTS	AIMP1	#053163
pTS	NFATC4	#053162
pTS	RBM10	#053062
pTS	TSSC4	#053061
pTS	DUSP22	#053061
pTS	RBM14	#053061
pTS	RBX1	#073162
pTS	NME1	#083363
pTS	RAP1A	#0A3464
pTS	BMPR2	#0B3565
pTS	BEX2	#0D3666
pTS	TRAF7	#0E3867
pTS	SEC24D	#103968
pTS	CAV2	#113A69
pTS	SF3A3	#133B6A
pTS	PLA2G16	#143D6A
pTS	ITGA7	#163E6B
pTS	LOX	#173F6C
pTS	IRF2	#19406D
pTS	TNFRSF10B	#1A426E
pTS	FABP3	#1C436F
pTS	BLCAP	#1D4470
pTS	XAF1	#1F4571
pTS	TSG101	#204772
pTS	FADD	#224873
pTS	PPP2R4	#234974
pTS	LXN	#254A75
pTS	CAST	#264B76
pTS	ARFGAP3	#284D77
pTS	AKAP12	#294E78
pTS	PLEKHO1	#2B4F79
pTS	PTPN12	#2C507A
pTS	HTRA3	#2E527B
pTS	CSNK2A1	#2F537C
pTS	LIMA1	#31547C
pTS	AKR1B1	#32557D
pTS	KEAP1	#34577E
pTS	RASL11A	#35587F
pTS	ST5	#375980
pTS	MOB1A	#385A81
pTS	RCN2	#3A5C82
pTS	BNC2	#3B5D83
pTS	PPP1CA	#3D5E84
pTS	HBP1	#3E5F85
pTS	INPPL1	#406186
pTS	PDLIM4	#416287
pTS	NGFR	#436388
pTS	EIF1AX	#446489
pTS	CREBL2	#46668A
pTS	GLIPR1	#47678B
pTS	PSME3	#49688C
pTS	YPEL3	#4A698D
pTS	PPP2R5A	#4C6B8E
pTS	IGF2R	#4D6C8F
pTS	PCGF2	#4F6D8F
pTS	BIN1	#506E90
pTS	PAFAH1B1	#527091
pTS	TCEAL7	#537192
pTS	UNC5B	#557293
pTS	MRVI1	#567394
pTS	STIP1	#587595
pTS	SRPX	#597696
pTS	FAM120A	#5B7797
pTS	SYNM	#5C7898
pTS	DKK3	#5E7999
pTS	ACO1	#5F7B9A
pTS	SH3GLB1	#617C9B
pTS	IRF3	#627D9C
pTS	ETF1	#647E9D
pTS	SLC9A3R1	#65809E
pTS	PAF1	#67819F
pTS	TUSC2	#6882A0
pTS	GPS2	#6A83A1
pTS	RBMX	#6B85A2
pTS	SPTAN1	#6D86A2
pTS	SPTBN1	#6E87A3
pTS	EPHB4	#7088A4
pTS	KLF10	#718AA5
pTS	PDCD4	#738BA6
pTS	TMEM127	#748CA7
pTS	EGR1	#768DA8
pTS	EI24	#778FA9
pTS	PHB	#7990AA
pTS	ARID5B	#7A91AB
pTS	PPP2CB	#7C92AC
pTS	BNIP3L	#7D94AD
pTS	COL18A1	#7F95AE
pTS	EMP1	#8096AF
pTS	KANK1	#8297B0
pTS	HOPX	#8399B1
pTS	NRSN2	#859AB2
pTS	SOCS3	#869BB3
pTS	RAD23B	#889CB4
pTS	CDKN1C	#899EB4
pTS	CHD3	#8B9FB5
pTS	BAX	#8CA0B6
pTS	PNN	#8EA1B7
pTS	CDK2AP2	#8FA2B8
pTS	ANXA7	#91A4B9
pTS	SLC39A1	#92A5BA
pTS	RTN4	#94A6BB
pTS	CEBPD	#95A7BC
pTS	DAB2	#97A9BD
pTS	AIP	#98AABE
pTS	DAPK3	#9AABBF
pTS	NCKAP1	#9BACC0
pTS	PARK7	#9DAEC1
pTS	HNRNPDL	#9EAFC2
pTS	ITGA5	#A0B0C3
pTS	SFRP1	#A1B1C4
pTS	SEC31A	#A3B3C5
pTS	MIR145	#A4B4C6
pTS	NAP1L1	#A6B5C7
pTS	ITGAV	#A7B6C7
pTS	NBL1	#A9B8C8
pTS	ST13	#AAB9C9
pTS	SOD2	#ACBACA
pTS	ANXA1	#ADBBCB
pTS	JUP	#AFBDCC
pTS	GJA1	#B0BECD
pTS	PLA2G2A	#B2BFCE
pTS	TSC22D1	#B3C0CF
pTS	RARRES3	#B5C2D0
pTS	TGFBI	#B6C3D1
pTS	ZFP36	#B8C4D2
pTS	YAP1	#B9C5D3
pTS	LITAF	#BBC7D4
pTS	FBXO32	#BCC8D5
pTS	ZFP36L2	#BEC9D6
pTS	ID4	#BFCAD7
pTS	CDK2AP1	#C1CCD8
pTS	MMP11	#C2CDD9
pTS	THBS1	#C4CED9
pTS	BTG2	#C5CFDA
pTS	ZFP36L1	#C7D1DB
pTS	TES	#C8D2DC
pTS	CSDE1	#CAD3DD
pTS	GADD45GIP1	#CBD4DE
pTS	PRKCDBP	#CDD5DF
pTS	ISG15	#CED7E0
pTS	LDHA	#D0D8E1
pTS	ARF1	#D1D9E2
pTS	ATP6AP2	#D3DAE3
pTS	TGFB1	#D4DCE4
pTS	RPL10	#D6DDE5
pTS	THY1	#D7DEE6
pTS	GAS1	#D9DFE7
pTS	HINT1	#DAE1E8
pTS	CAV1	#DCE2E9
pTS	PPAP2A	#DDE3EA
pTS	CTGF	#DFE4EB
pTS	PHLDA3	#E0E6EC
pTS	IGFBP3	#E2E7EC
pTS	ITGB1	#E3E8ED
pTS	GPX3	#E5E9EE
pTS	HTRA1	#E6EBEF
pTS	EIF1	#E8ECF0
pTS	GLTSCR2	#E9EDF1
pTS	VCL	#EBEEF2
pTS	RPL5	#ECF0F3
pTS	GABARAP	#EEF1F4
pTS	FN1	#EFF2F5
pTS	TIMP3	#F1F3F6
pTS	ZYX	#F2F5F7
pTS	CLU	#F4F6F8
pTS	HLA-A	#F5F7F9
pTS	IGFBP5	#F7F8FA
pTS	HLA-B	#F8FAFB
pTS	PFN1	#FAFBFC
pTS	S100A11	#FBFCFD
pTS	IGFBP4	#FDFDFE
pTS	IGFBP7	#FFFFFF
TS	FOXA2	#B8E186
TS	CDH1	#B6DF83
TS	SOX9	#B4DE81
TS	BRCA2	#B2DD7F
TS	FANCD2	#B0DC7D
TS	BLM	#AFDB7B
TS	BUB1B	#ADDA78
TS	BRIP1	#ABD876
TS	GATA3	#A9D774
TS	PTCH1	#A7D672
TS	FANCC	#A6D570
TS	BRCA1	#A4D46E
TS	RNF43	#A2D36B
TS	FANCA	#A0D169
TS	CHEK2	#9ED067
TS	RECQL4	#9DCF65
TS	FHIT	#9BCE63
TS	AMER1	#99CD61
TS	ERCC4	#97CC5E
TS	PMS2	#95CA5C
TS	TSC1	#94C95A
TS	TET2	#92C858
TS	MUTYH	#90C756
TS	ATM	#8EC654
TS	PALB2	#8CC551
TS	APAF1	#8BC34F
TS	CYLD	#89C24D
TS	PHF6	#87C14B
TS	MAP3K1	#85C049
TS	MSH2	#83BF46
TS	ARID2	#82BE44
TS	PMS1	#80BC42
TS	ACVR1B	#7EBB40
TS	CDKN2A	#7DBA3F
TS	FANCF	#7BB93E
TS	NF2	#79B73D
TS	AXIN1	#78B63C
TS	FANCG	#76B53B
TS	PRDM1	#75B33A
TS	NF1	#73B239
TS	PRF1	#72B138
TS	APC	#70AF37
TS	WRN	#6EAE36
TS	CASP8	#6DAD35
TS	CDKN2C	#6BAB34
TS	ING1	#6AAA33
TS	DICER1	#68A932
TS	ZFHX3	#66A731
TS	KMT2C	#65A630
TS	ARID1B	#63A52F
TS	CDK12	#62A32E
TS	FANCE	#60A22D
TS	FBXW7	#5FA12C
TS	CDKN2B	#5D9F2B
TS	KMT2D	#5B9E2A
TS	SUFU	#5A9D29
TS	CUL3	#589B28
TS	STK11	#579A27
TS	BCOR	#559926
TS	TNFAIP3	#549725
TS	SMAD2	#529624
TS	SMARCA4	#509523
TS	GPC3	#4F9322
TS	SMAD4	#4D9221
TS	ERCC3	#4C9120
TS	ERCC5	#4B8F20
TS	MAP2K4	#4A8E20
TS	HDAC3	#488C20
TS	MSH6	#478B1F
TS	EXT1	#468A1F
TS	KDM6A	#45881F
TS	XPA	#44871F
TS	MEN1	#42851E
TS	NBN	#41841E
TS	ARID1A	#40821E
TS	AXIN2	#3F811E
TS	ATRX	#3E7F1D
TS	FAS	#3C7E1D
TS	NCOR1	#3B7C1D
TS	MLH1	#3A7B1D
TS	TCF7L2	#397A1C
TS	FUBP1	#38781C
TS	PBRM1	#36771C
TS	DAXX	#35751C
TS	BMPR1A	#34741B
TS	NFKB1	#33721B
TS	CUL2	#32711B
TS	VHL	#306F1B
TS	CTCF	#2F6E1A
TS	SETD2	#2E6D1A
TS	PTEN	#2D6B1A
TS	COPS2	#2C6A1A
TS	FAT1	#2A6819
TS	ARHGAP35	#296719
TS	ASXL1	#286519
TS	CDC73	#276419
TS	TP53	#2C671E
TS	STAG2	#326C25
TS	SDHAF2	#39712C
TS	KDM5C	#407634
TS	KLF6	#477B3B
TS	FH	#4E8042
TS	RB1	#548449
TS	BAP1	#5B8951
TS	SOCS1	#628E58
TS	CDKN1B	#69935F
TS	SDHB	#709866
TS	XPC	#769D6E
TS	EP300	#7DA275
TS	RBM5	#84A77C
TS	CUL1	#8BAC83
TS	EXT2	#92B08B
TS	RAD21	#98B592
TS	SMARCB1	#9FBA99
TS	WT1	#A6BFA0
TS	DDB2	#ADC4A8
TS	SDHC	#B4C9AF
TS	PIK3R1	#BACEB6
TS	PRKAR1A	#C1D3BD
TS	SDHD	#C8D7C5
TS	CTNND1	#CFDCCC
TS	DDX3X	#D6E1D3
TS	SBDS	#DCE6DA
TS	RHOB	#E3EBE2
TS	TGFBR2	#EAF0E9
TS	CDKN1A	#F1F5F0
TS	EEF1A1	#F8FAF7
TS	B2M	#FFFFFF
