Mutation.Type	PD4020a
A[C>A]A	33
A[C>A]C	15
A[C>A]G	1
A[C>A]T	24
A[C>G]A	31
A[C>G]C	8
A[C>G]G	0
A[C>G]T	32
A[C>T]A	34
A[C>T]C	10
A[C>T]G	96
A[C>T]T	14
A[T>A]A	9
A[T>A]C	7
A[T>A]G	7
A[T>A]T	10
A[T>C]A	12
A[T>C]C	10
A[T>C]G	8
A[T>C]T	20
A[T>G]A	10
A[T>G]C	2
A[T>G]G	13
A[T>G]T	6
C[C>A]A	27
C[C>A]C	9
C[C>A]G	2
C[C>A]T	20
C[C>G]A	42
C[C>G]C	5
C[C>G]G	2
C[C>G]T	23
C[C>T]A	76
C[C>T]C	14
C[C>T]G	42
C[C>T]T	45
C[T>A]A	8
C[T>A]C	5
C[T>A]G	5
C[T>A]T	18
C[T>C]A	8
C[T>C]C	13
C[T>C]G	7
C[T>C]T	11
C[T>G]A	3
C[T>G]C	5
C[T>G]G	5
C[T>G]T	9
G[C>A]A	29
G[C>A]C	7
G[C>A]G	0
G[C>A]T	15
G[C>G]A	11
G[C>G]C	4
G[C>G]G	1
G[C>G]T	15
G[C>T]A	28
G[C>T]C	15
G[C>T]G	45
G[C>T]T	21
G[T>A]A	8
G[T>A]C	3
G[T>A]G	1
G[T>A]T	9
G[T>C]A	7
G[T>C]C	6
G[T>C]G	5
G[T>C]T	15
G[T>G]A	1
G[T>G]C	5
G[T>G]G	3
G[T>G]T	3
T[C>A]A	150
T[C>A]C	69
T[C>A]G	7
T[C>A]T	80
T[C>G]A	1426
T[C>G]C	315
T[C>G]G	27
T[C>G]T	1541
T[C>T]A	1683
T[C>T]C	301
T[C>T]G	128
T[C>T]T	833
T[T>A]A	13
T[T>A]C	8
T[T>A]G	4
T[T>A]T	33
T[T>C]A	2
T[T>C]C	11
T[T>C]G	6
T[T>C]T	10
T[T>G]A	5
T[T>G]C	2
T[T>G]G	4
T[T>G]T	10
